case,steady_spin_iq_ripple_rms_A,steady_spin_iq_1x_amp_A,steady_spin_te_ripple_rms_Nm,steady_spin_speed_ripple_rms_rpm,max_tub_motion_mm,max_floor_load_N,notch_active_time_s,notch_peak_gate
notch_off,0.10982352281489413,0.13673587910338597,0.10546352895914285,0.02621354100915698,16.441626394637666,984.899569256242,0.0,0.0
notch_on,0.00017865046483440207,0.00010445737146560878,0.00017155804138048166,0.025136209306231772,16.44162639463767,984.8391121469132,16.69,0.9999999979391604
