case,max_tub_motion_mm,max_floor_load_N,max_suspension_stroke_mm,max_gasket_force_N,min_drum_tub_gap_mm,max_floor_friction_util_pct,spin_rms_current_A,peak_torque_Nm,max_unbalance_est_g
baseline,16.425418833661745,886.7428815573185,20.732104150869844,60.97713306068666,17.005232205679093,46.06612511729915,9.9846706462829,9.60620283119747,184.89678959575505
unbalance 100g,16.425427540186213,873.9550689223548,20.73218290458864,60.058722712815424,17.0552494356114,41.88169010711913,9.984865323093713,9.607001724288986,172.96684236679323
unbalance 450g,16.425325011969512,1098.9358445123144,20.78312279137662,75.92990985785254,16.148494031126347,144.08503369767666,9.98539018571193,9.60687300093763,379.7948791449199
spring -25%,16.137712356278477,880.8899891581424,25.3402821056011,80.14155164392955,17.005239746832146,45.471157564797856,9.984847291828952,9.606758606840904,185.70229241380457
spring +25%,16.464117930994053,892.0051767792446,17.55430173852296,50.97998855075803,17.00523189903232,46.75779031761935,9.984783546410481,9.606632372999371,184.2466954333477
damper -25%,16.577361978814977,867.510541123805,20.626858017115556,61.416907705872575,17.00518785497355,38.91360820453189,9.984889450859505,9.607006810734365,188.2506521941477
moving load +50%,16.425504317662895,949.5423278656549,20.73216427270935,64.69511899786008,16.755909152079006,65.29597879793614,9.98477877600396,9.606794984753416,242.80985697908812
