case,max_tub_motion_mm,max_floor_load_N,max_suspension_stroke_mm,max_gasket_force_N,min_drum_tub_gap_mm,max_floor_friction_util_pct,spin_rms_current_A,peak_torque_Nm,max_unbalance_est_g
baseline,16.425795438379332,885.6798613444662,20.682826987395014,60.18153808298134,17.00520949361838,46.65605745398791,9.984756794975372,9.606935603690937,185.0775731563181
unbalance 100g,16.42580959079577,873.8274387614374,20.68275063627442,59.94149883838276,17.05522458506069,42.308817398918166,9.984698784958082,9.606692676602318,173.12567908334177
unbalance 450g,16.4256251981797,1098.1139150842234,20.68393106107261,73.7845996529477,16.1485555093947,144.54874591066886,9.98493324933682,9.606854435948613,380.30486807480486
spring -25%,16.138215232774822,879.3252841773797,25.284394804299616,80.13888649980967,17.005212512195218,46.036759191850024,9.984917787943171,9.606966964599952,185.92289476678272
spring +25%,16.46452994222274,891.3361571315147,17.510005902989068,50.26386326623759,17.005238585435567,47.37753479971269,9.98488438302628,9.606985748681113,184.414549345833
damper -25%,16.577413598060645,866.9165440927047,20.57739925549629,60.61354860471725,17.005246809019262,39.55393593802025,9.984913507387745,9.606963530436946,188.4248670318777
moving load +50%,16.42588104298673,949.1698197540187,20.68288485009803,63.870077723580636,16.7559131420098,66.75076121758875,9.984766840870218,9.60693182863891,243.0421350258047
