case,max_tub_motion_mm,max_floor_load_N,max_suspension_stroke_mm,spin_rms_current_A,peak_torque_Nm,max_unbalance_est_g
baseline,18.58401852329668,874.2423262007266,21.83695875679692,9.984753861893207,9.607112514185243,185.0332115629774
unbalance 100g,18.584037366592256,862.8013599177337,21.83688568254266,9.984689185140757,9.607118305471607,173.0981681380388
unbalance 450g,18.58377177860054,1073.5569728076077,21.837995972482204,9.985282979423348,9.607193454881658,380.0754259994499
spring -25%,19.512252080292143,866.8873304392966,28.126565089638124,9.985009608422724,9.607106200672723,185.57991970445386
spring +25%,17.991925808561852,880.0954669666404,17.89167996300031,9.98498127448787,9.607159164427937,184.55203362374448
damper -25%,18.693775989307632,854.3533088063716,21.714255132448706,9.984987906082242,9.607214946516171,188.29667043872234
moving load +50%,18.584117775988748,933.5808356221859,21.837025428771167,9.984821459050542,9.607185974905775,242.9951171245876
