case,max_tub_motion_mm,max_floor_load_N,max_suspension_stroke_mm,max_gasket_force_N,min_drum_tub_gap_mm,max_floor_friction_util_pct,spin_rms_current_A,peak_torque_Nm,max_unbalance_est_g
baseline,16.432502802748985,886.0009459454383,19.07914763974261,60.356019962075294,17.18439056978597,46.41449068353582,9.984982017166608,9.607089601515852,185.0806855373638
unbalance 100g,16.432519347698097,873.5685441855805,19.079243146624236,59.92665509831588,17.236139865628143,42.162910221556615,9.984758012160057,9.607393198705076,173.1315253648781
unbalance 450g,16.43228695409299,1098.1690508822328,19.458874498325425,74.04863766345062,16.33157704369799,144.78299360024366,9.985262765770639,9.607164939040558,380.2814420809291
spring -25%,16.147221840528125,879.8409807629522,23.476150229395003,80.0758470401392,17.184391768994754,45.79820224679878,9.984861780836843,9.607101522259354,185.93605222141466
spring +25%,16.472367378259904,891.541348288763,16.06990843664943,50.4134654990559,17.184394365515853,47.1540970993367,9.985073686209262,9.607114716325349,184.40676987016187
damper -25%,16.57904660780709,866.9980708304723,18.964363455385325,60.785697405144816,17.184391524088486,39.27760743537112,9.984979314578345,9.607074532345688,188.41457091146336
moving load +50%,16.43258939485948,949.1359991985244,19.079210276167075,64.04617313093111,16.931647163440644,66.01074296785858,9.98501912961434,9.607112847214198,243.05593667516135
